-- Adminer 4.8.1 MySQL 5.7.38 dump

SET NAMES utf8;
SET time_zone = '+00:00';
SET foreign_key_checks = 0;
SET sql_mode = 'NO_AUTO_VALUE_ON_ZERO';

SET NAMES utf8mb4;

TRUNCATE `f_s_pools`;
INSERT INTO `f_s_pools` (`id`, `region_id`, `start_date`, `status`, `created_by_id`, `updated_by_id`, `created_at`, `updated_at`) VALUES
(13,	3,	'2022-06-20',	'A',	1001,	1001,	'2022-06-20 12:25:20',	'2022-06-20 12:25:20'),
(14,	13,	'2022-06-20',	'A',	1001,	1001,	'2022-06-20 12:33:21',	'2022-06-20 12:33:21'),
(15,	5,	'2022-06-20',	'A',	1001,	1001,	'2022-06-20 12:37:44',	'2022-06-20 12:37:44'),
(16,	11,	'2022-07-21',	'A',	1334,	1334,	'2022-07-21 17:55:34',	'2022-07-21 17:55:34'),
(17,	3,	'2020-09-01',	'A',	1003,	1003,	'2022-08-08 11:00:24',	'2022-08-08 11:00:24'),
(19,	5,	'2023-01-01',	'I',	1003,	1001,	'2022-08-08 14:14:03',	'2022-09-13 11:29:32'),
(20,	13,	'2023-01-01',	'I',	1003,	1001,	'2022-08-08 14:20:02',	'2022-09-13 11:26:13'),
(21,	17,	'2022-08-10',	'A',	999,	999,	'2022-08-09 14:11:40',	'2022-08-09 14:11:40'),
(23,	17,	'2022-08-17',	'A',	999,	999,	'2022-08-10 08:34:12',	'2022-08-10 08:34:12'),
(24,	1,	'2022-08-10',	'I',	999,	999,	'2022-08-10 08:46:25',	'2022-08-10 08:46:25'),
(26,	1,	'2022-08-12',	'I',	999,	999,	'2022-08-12 12:23:20',	'2022-08-12 12:23:20'),
(27,	17,	'2022-08-12',	'A',	999,	999,	'2022-08-12 14:11:54',	'2022-08-12 14:11:54'),
(28,	11,	'2022-08-12',	'A',	999,	999,	'2022-08-12 14:12:45',	'2022-08-12 14:12:45'),
(30,	1,	'2022-08-16',	'I',	999,	999,	'2022-08-15 12:16:52',	'2022-08-15 12:16:52'),
(31,	21,	'2022-08-15',	'A',	999,	999,	'2022-08-15 12:23:49',	'2022-08-15 12:23:49'),
(32,	21,	'2022-08-14',	'I',	999,	999,	'2022-08-15 12:28:01',	'2022-08-15 12:28:01'),
(33,	21,	'2022-08-13',	'A',	999,	999,	'2022-08-15 13:05:01',	'2022-08-15 13:05:01'),
(35,	23,	'2022-08-16',	'I',	999,	999,	'2022-08-15 13:10:12',	'2022-08-15 13:10:12'),
(36,	1,	'2022-08-15',	'I',	999,	999,	'2022-08-15 13:10:51',	'2022-08-15 13:10:51'),
(38,	28,	'2022-08-20',	'A',	1001,	1001,	'2022-08-19 09:49:42',	'2022-08-19 15:18:47'),
(39,	3,	'2022-08-19',	'A',	1001,	1001,	'2022-08-19 15:32:22',	'2022-08-19 15:32:22'),
(40,	1,	'2022-08-22',	'I',	1001,	1001,	'2022-08-19 15:34:24',	'2022-08-19 15:34:24'),
(41,	1,	'2022-08-19',	'I',	1001,	1001,	'2022-08-19 15:47:34',	'2022-08-19 15:47:34'),
(42,	1,	'2022-08-26',	'I',	1001,	1001,	'2022-08-19 15:47:57',	'2022-08-19 15:47:57'),
(43,	3,	'2023-01-01',	'A',	1001,	1001,	'2022-09-13 11:20:52',	'2022-09-13 11:20:52'),
(44,	27,	'2023-01-01',	'A',	1001,	1001,	'2022-09-29 16:44:54',	'2022-09-29 16:44:54'),
(45,	28,	'2022-09-30',	'A',	1001,	1001,	'2022-09-29 17:17:53',	'2022-09-29 17:19:53'),
(46,	28,	'2023-01-01',	'A',	1001,	1001,	'2022-10-03 09:24:57',	'2022-10-03 09:24:57'),
(47,	28,	'2022-10-04',	'A',	1001,	1001,	'2022-10-03 16:14:58',	'2022-10-03 16:14:58'),
(48,	1,	'2022-01-01',	'A',	22254,	22254,	'2022-11-01 14:27:11',	'2022-11-01 14:27:11'),
(49,	2,	'2022-01-01',	'A',	22254,	22254,	'2022-11-01 14:34:06',	'2022-11-01 14:34:06'),
(50,	3,	'2022-01-01',	'A',	22254,	22254,	'2022-11-01 14:46:18',	'2022-11-01 14:46:18'),
(51,	4,	'2022-01-01',	'A',	22254,	22254,	'2022-11-01 14:50:49',	'2022-11-01 14:50:49'),
(52,	6,	'2022-01-01',	'A',	22254,	22254,	'2022-11-01 14:57:02',	'2022-11-01 14:57:02'),
(53,	7,	'2022-01-01',	'A',	22254,	22254,	'2022-11-01 15:00:29',	'2022-11-01 15:00:29'),
(54,	8,	'2022-01-01',	'A',	22254,	22254,	'2022-11-01 15:08:15',	'2022-11-01 15:08:15'),
(55,	9,	'2022-01-01',	'A',	22254,	22254,	'2022-11-01 15:10:31',	'2022-11-01 15:10:31'),
(56,	11,	'2022-01-01',	'A',	22254,	22254,	'2022-11-01 15:19:24',	'2022-11-01 15:19:24'),
(57,	12,	'2022-01-01',	'A',	22254,	22254,	'2022-11-01 15:25:03',	'2022-11-01 15:25:03'),
(58,	14,	'2022-01-01',	'A',	22254,	22254,	'2022-11-01 15:33:53',	'2022-11-01 15:33:53'),
(59,	15,	'2022-01-01',	'A',	22254,	22254,	'2022-11-02 10:00:07',	'2022-11-02 10:00:07'),
(60,	16,	'2022-01-01',	'A',	22254,	22254,	'2022-11-02 10:06:37',	'2022-11-02 10:06:37'),
(61,	17,	'2022-01-01',	'A',	22254,	22254,	'2022-11-02 10:10:58',	'2022-11-02 10:10:58'),
(62,	18,	'2022-01-01',	'A',	22254,	22254,	'2022-11-02 11:38:28',	'2022-11-02 11:38:28'),
(63,	19,	'2022-01-01',	'A',	22254,	22254,	'2022-11-02 11:41:12',	'2022-11-02 11:41:12'),
(64,	20,	'2022-01-01',	'A',	22254,	22254,	'2022-11-02 11:42:40',	'2022-11-02 11:42:40'),
(65,	21,	'2022-01-01',	'A',	22254,	22254,	'2022-11-02 11:45:29',	'2022-11-02 11:45:29'),
(66,	22,	'2022-01-01',	'A',	22254,	22254,	'2022-11-02 11:48:15',	'2022-11-02 11:48:15'),
(67,	10,	'2022-01-01',	'A',	22254,	22254,	'2022-11-02 11:52:21',	'2022-11-02 11:52:21'),
(68,	23,	'2022-01-01',	'A',	22254,	22254,	'2022-11-02 11:55:13',	'2022-11-02 11:55:13'),
(69,	24,	'2022-01-01',	'A',	22254,	22254,	'2022-11-02 11:56:49',	'2022-11-02 11:56:49'),
(70,	25,	'2022-01-01',	'A',	22254,	22254,	'2022-11-02 11:58:23',	'2022-11-02 11:58:23'),
(71,	26,	'2022-01-01',	'A',	22254,	22254,	'2022-11-02 12:02:02',	'2022-11-02 12:02:02'),
(72,	30,	'2022-01-01',	'A',	22254,	22254,	'2022-11-02 12:03:47',	'2022-11-02 12:03:47');

TRUNCATE `f_s_pool_charities`;
INSERT INTO `f_s_pool_charities` (`id`, `f_s_pool_id`, `charity_id`, `percentage`, `status`, `name`, `description`, `contact_title`, `contact_name`, `contact_email`, `notes`, `image`, `created_at`, `updated_at`) VALUES
(14,	13,	7261,	11.60,	'A',	'Support Programs',	'Autism BC seeks to empower, support and connect people on the autism spectrum and their families through education, training, resources and support groups towards promoting the health and inc',	NULL,	'Cathy Nidoski',	'cnidoski@autismbc.ca',	NULL,	'20220620122520_AutismBC-Primary_Logo-4C.jpg',	'2022-06-20 12:25:20',	'2022-06-20 12:25:20'),
(15,	13,	55683,	50.00,	'A',	'Student Programs',	'Through partnerships with educators and volunteers from local businesses, JABC offers important interactive, hands-on learning experiences in financial literacy, entrepreneurship, and work re',	NULL,	'Susan Shepherd',	'susan.shepherd@jabc.org',	NULL,	'20220620122520_Junior-Achievement-BC.jpg',	'2022-06-20 12:25:20',	'2022-06-20 12:25:20'),
(16,	13,	19009,	38.40,	'A',	'Cariboo Peer Program',	'Spinal Cord Injury BC’s Peer Support Program gives people in the region with a spinal cord injury, their family and friends the opportunity to connect with others in similar situations, try a',	NULL,	'Susie Jackson',	'sjackson@sci-bc.ca',	NULL,	'20220620122520_PECSF_Icon.png',	'2022-06-20 12:25:20',	'2022-06-20 12:25:20'),
(17,	14,	51453,	30.70,	'A',	'Medical Flight Program',	'Hope Air provides free travel and accommodation for patients in financial need who must access \r\nmedical care far from home. This includes booking commercial flights or organizing private pil',	NULL,	'Elizabeth Taugher',	'etaugher@hopeair.ca',	NULL,	'20220620123321_HopeAir.png',	'2022-06-20 12:33:21',	'2022-06-20 12:33:21'),
(18,	14,	118538,	32.37,	'A',	'Food Recovery Program',	'Soon to be expired or nonsalable products from grocery stores are received and distributed as part of the Food Recovery Program. Products range from fresh produce, dairy, meat, deli, bakery i',	NULL,	'Lisa Hamblin',	'Lisa_Hamblin@can.salvationarmy.org',	NULL,	'20220620123321_sal_army.png',	'2022-06-20 12:33:21',	'2022-06-20 12:33:21'),
(19,	14,	19009,	36.93,	'A',	'Peer Support Program',	'Spinal Cord Injury BC’s Peer Support Program gives people in the Fraser Fort George region with a spinal cord injury, their family and friends the opportunity to connect with others in simila',	NULL,	'Susie Jackson',	'sjackson@sci-bc.ca',	NULL,	'20220620123321_PECSF_Icon.png',	'2022-06-20 12:33:21',	'2022-06-20 12:33:21'),
(20,	15,	7261,	26.69,	'A',	'Support Programs',	'Autism BC Programs seek to empower, support and connect people on the autism spectrum and their families through education, training, resources and support groups towards promoting the health',	NULL,	'Cathy Nidoski',	'cnidoski@autismbc.ca',	NULL,	'20220620123744_AutismBC-Primary_Logo-4C.jpg',	'2022-06-20 12:37:44',	'2022-06-20 12:37:44'),
(21,	15,	55683,	73.31,	'A',	'Student Programs',	'Through partnerships with educators and volunteers from local businesses, JABC will offer important interactive, hands-on learning experiences in financial literacy, entrepreneurship, and wor',	NULL,	'Susan Shepherd',	'susan.shepherd@jabc.org',	NULL,	'20220620123744_Junior-Achievement-BC.jpg',	'2022-06-20 12:37:44',	'2022-06-20 12:37:44'),
(22,	16,	623,	50.00,	'A',	'MNP TEST (1)',	'TESTING',	NULL,	'Sugar Smith',	'Sugar.Smith@Test.com',	NULL,	'20220721175534_BC1.png',	'2022-07-21 17:55:34',	'2022-07-21 17:55:34'),
(23,	16,	25,	50.00,	'A',	'MNP TEST (2)',	'TESTING (2)',	NULL,	'Bitter Smith',	'Bitter.Smith@Test.com',	NULL,	'20220721175534_BC1.png',	'2022-07-21 17:55:34',	'2022-07-21 17:55:34'),
(24,	17,	7261,	11.60,	'A',	'Support Programs',	'Autism BC seeks to empower, support and connect people on the autism spectrum and their families through education, training, resources and support groups towards promoting the health and inclusion of individuals with autism and related conditions in the region.',	NULL,	'Becs Brocken',	'bbrocken@autismbc.ca',	NULL,	'20220808110024_AutismBC-Primary_Logo-4C.jpg',	'2022-08-08 11:00:24',	'2022-08-08 11:00:24'),
(25,	17,	55683,	50.00,	'A',	'Student Programs',	'Through partnerships with educators and volunteers from local businesses, JABC offers important interactive, hands-on learning experiences in financial literacy, entrepreneurship, and work readiness to students in Grades 4 to 12 in all communities across the Cariboo region.',	'Development Officer',	'Susan Shepherd',	'susan.shepherd@jabc.org',	NULL,	'20220808110024_Junior-Achievement-BC.jpg',	'2022-08-08 11:00:24',	'2022-08-08 11:00:24'),
(26,	17,	19009,	38.40,	'A',	'Spinal Cord Injury BC - Peer Support Program',	'Spinal Cord Injury BC’s Peer Support Program gives people in the region with a spinal cord injury, their family and friends the opportunity to connect with others in similar situations, try activities they never imagined possible and continue learning about living well with an injury.',	'Fund Development Officer',	'Susie Jackson',	'sjackson@bcpara.org',	NULL,	'20220808110024_PECSF_2_line_logo_blue.png',	'2022-08-08 11:00:24',	'2022-08-08 11:00:24'),
(30,	19,	7261,	26.69,	'A',	'Support Programs',	'Autism BC Programs seek to empower, support and connect people on the autism spectrum and their families through education, training, resources and support groups towards promoting the health and inclusion of individuals with autism and related conditions in the region.',	NULL,	'Cathy Nidoski',	'cnidoski@autismbc.ca',	NULL,	'20220913112932_AutismSocietyBC.png',	'2022-08-08 14:14:03',	'2022-09-13 11:29:32'),
(31,	19,	55683,	73.31,	'A',	'Student Programs',	'Through partnerships with educators and volunteers from local businesses, JABC will offer important interactive, hands-on learning experiences in financial literacy, entrepreneurship, and work readiness to students in Grades 4 to 12 in all communities across the Fraser Valley area.',	'Development Officer',	'Susan Shepherd',	'susan.shepherd@jabc.org',	NULL,	'20220808141403_Junior-Achievement-BC.jpg',	'2022-08-08 14:14:03',	'2022-08-08 14:14:03'),
(32,	20,	51453,	32.36,	'A',	'Medical Flight Program',	'Hope Air provides free travel and accommodation for patients in financial need who must access medical care far from home. This includes booking commercial flights or organizing private pilots from across Canada to volunteer their time and aircraft to fly patients to their appointments. Hope Air also has a partnership with Airbnb to provide patients with free accommodation.',	NULL,	'Jon Collins',	'jcollins@hopeair.ca',	NULL,	'20220808142002_HopeAir.png',	'2022-08-08 14:20:02',	'2022-09-13 11:26:13'),
(33,	20,	118538,	30.71,	'A',	'Food Recovery Program',	'Soon to be expired or nonsalable products from grocery stores are received and distributed as part of the Food Recovery Program. Products range from fresh produce, dairy, meat, deli, bakery items, hygiene items, non-perishables, baby items, and pet food. This enables the Food Bank to offer guests more nutritious foods and essential items that result in more wholesome meals and products going to individuals and families that otherwise would not be able to afford them.',	'Finance Admin. Assistant',	'Lisa Hamblin',	'Lisa_Hamblin@can.salvationarmy.org',	NULL,	'20220808142002_sal_army.png',	'2022-08-08 14:20:02',	'2022-08-08 14:20:02'),
(34,	20,	19009,	36.93,	'A',	'Peer Support Program',	'Spinal Cord Injury BC/Cdn Paraplegic Society BC’s Peer Support Program gives people in the Fraser Fort George region with a spinal cord injury, their family and friends the opportunity to connect with others in similar situations, try activities they never imagined possible and continue learning about living well with an injury.',	'Fund Development Officer',	'Susie Jackson',	'sjackson@bcpara.org',	NULL,	'20220913112613_sci-bc-logo-colourlong-1.png',	'2022-08-08 14:20:02',	'2022-09-13 11:26:13'),
(35,	21,	131433,	100.00,	'A',	'Nanaimo',	'New supported program',	NULL,	'John Philip',	'johnphilip@hotmail.com',	NULL,	'20220809141140_Screen_Shot_2022-08-09_at_4.40.59_PM.png',	'2022-08-09 14:11:40',	'2022-08-09 14:11:40'),
(37,	23,	131433,	100.00,	'A',	'Nanaimo',	'New supported program',	NULL,	'John Philip',	'johnphilip@hotmail.com',	NULL,	'2022081008341240_Screen_Shot_2022-08-09_at_4.40.59_PM.png',	'2022-08-10 08:34:12',	'2022-08-10 08:34:12'),
(38,	24,	131413,	0.00,	'I',	'Alberni Clayoquot Support Pool',	'Alberni Clayoquot Support Pool',	NULL,	'Mark James',	'mark@a',	NULL,	'20220810084625_pecsf-logo.png',	'2022-08-10 08:46:25',	'2022-08-10 08:46:25'),
(41,	26,	131413,	0.00,	'I',	'Alberni Clayoquot Support Pool',	'Alberni Clayoquot Support Pool',	NULL,	'Mark James',	'mark@a',	NULL,	'2022081212232025_pecsf-logo.png',	'2022-08-12 12:23:20',	'2022-08-12 12:23:20'),
(42,	27,	131433,	100.00,	'A',	'Nanaimo',	'New supported program',	NULL,	'John Philip',	'johnphilip@hotmail.com',	NULL,	'2022081214115440_Screen_Shot_2022-08-09_at_4.40.59_PM.png',	'2022-08-12 14:11:54',	'2022-08-12 14:11:54'),
(43,	28,	623,	50.00,	'A',	'MNP TEST (1)',	'TESTING',	NULL,	'Sugar Smith',	'Sugar.Smith@Test.com',	NULL,	'2022081214124534_BC1.png',	'2022-08-12 14:12:45',	'2022-08-12 14:12:45'),
(44,	28,	25,	50.00,	'A',	'MNP TEST (2)',	'TESTING (2)',	NULL,	'Bitter Smith',	'Bitter.Smith@Test.com',	NULL,	'2022081214124534_BC1.png',	'2022-08-12 14:12:45',	'2022-08-12 14:12:45'),
(46,	30,	131413,	0.00,	'I',	'Alberni Clayoquot Support Pool',	'Alberni Clayoquot Support Pool',	NULL,	'Mark James',	'mark@a',	NULL,	'202208151216522025_pecsf-logo.png',	'2022-08-15 12:16:52',	'2022-08-15 12:16:52'),
(47,	31,	623,	100.00,	'A',	'Test',	'Test',	NULL,	'Test',	'test@tes',	NULL,	'20220815122349_Screen_Shot_2022-08-10_at_4.50.26_PM.png',	'2022-08-15 12:23:49',	'2022-08-15 12:23:49'),
(48,	32,	43,	0.00,	'I',	'Test',	'Test',	'Test',	'Test',	'Test@test',	NULL,	'20220815122801_Screen_Shot_2022-08-10_at_4.50.26_PM.png',	'2022-08-15 12:28:01',	'2022-08-15 12:28:01'),
(49,	33,	623,	100.00,	'A',	'Test',	'Test',	NULL,	'Test',	'Test@test',	NULL,	'20220815130501_Screen_Shot_2022-08-12_at_9.44.11_AM.png',	'2022-08-15 13:05:01',	'2022-08-15 13:05:01'),
(52,	35,	43,	100.00,	'A',	'Start Date Tomorrow',	'Test to see if becomes active tomorrow',	NULL,	'Test',	'Test@test',	NULL,	'20220815131012_Screen_Shot_2022-08-12_at_9.44.11_AM.png',	'2022-08-15 13:10:12',	'2022-08-15 13:10:12'),
(53,	36,	131413,	0.00,	'I',	'Alberni Clayoquot Support Pool',	'Alberni Clayoquot Support Pool',	NULL,	'Mark James',	'mark@a',	NULL,	'202208151310512025_pecsf-logo.png',	'2022-08-15 13:10:51',	'2022-08-15 13:10:51'),
(55,	38,	106509,	33.33,	'A',	'Field to Plate Program',	'The society facilitates the preservation of Greater Victoria farmland and the enhancement of food\r\nsecurity to benefit current and future generations. Through unique partnerships with other not‐for‐\r\nprofits, the Field to Plate Program is expanding to support growing, maintaining and donating organic\r\nproduce from Newman Farm to food banks and local drop‐in centers to better serve Greater Victoria\r\npersons in need – aiding in poverty relief and food insecurity.',	NULL,	'Natasha Caverley',	'Natasha@FTL.bc.ca',	NULL,	'20220819094942_BC_wildlife_logo.jpg',	'2022-08-19 09:49:42',	'2022-08-19 09:49:42'),
(56,	38,	98898,	33.33,	'A',	'Pivot to Virtual Program for Young People',	'The Pivot to Virtual Program will offer online facilitator‐led support and counselling strategies for\r\nanxiety, depression, and loneliness, etc. to groups of 10‐12 children/youth. Facilitators will engage\r\nparticipants, grouped by age, in virtual activities, role plays, mindfulness practices, art, and music ‐ \r\ngeared towards helping individuals express their emotions, feel connected and supported. Parents can\r\nalso take part in the virtual Triple P Parenting Course to learn core parenting skills and simple strategies\r\nto encourage positive behaviour, and prevent or manage misbehaviour, in their children.',	NULL,	'Test Name',	'employee1@example.com',	NULL,	'20220819094942_SouthIslandCentreforTrain.jpg',	'2022-08-19 09:49:42',	'2022-08-19 09:49:42'),
(57,	38,	92354,	33.34,	'A',	'Test',	'The Shelbourne Community Kitchen provides a dignified and inclusive approach to building skills around\r\ngrowing and sourcing food, increasing access to nutritious, local produce, and providing meaningful\r\nvolunteer opportunities to contribute to the physical and social well‐being of individuals and families\r\nliving on low incomes. The Garden Program provides produce for Food Skills sessions and the Pantry\r\n(food bank). volunteer opportunities to contribute to the physical and social well‐being of individuals and families\r\nliving on low incomes. The Garden Program provides produce for Food Skills sessions and the Pantry\r\n(food bank).',	'Test',	'Test',	'employee1@example.com',	NULL,	'20220819094942_habitatforhumanity.jpg',	'2022-08-19 09:49:42',	'2022-08-19 09:49:42'),
(58,	39,	7261,	11.60,	'A',	'Support Programs',	'Autism BC seeks to empower, support and connect people on the autism spectrum and their families through education, training, resources and support groups towards promoting the health and inc',	NULL,	'Cathy Nidoski',	'cnidoski@autismbc.ca',	NULL,	'2022081915322220_AutismBC-Primary_Logo-4C.jpg',	'2022-08-19 15:32:22',	'2022-08-19 15:32:22'),
(59,	39,	55683,	50.00,	'A',	'Student Programs',	'Through partnerships with educators and volunteers from local businesses, JABC offers important interactive, hands-on learning experiences in financial literacy, entrepreneurship, and work re',	NULL,	'Susan Shepherd',	'susan.shepherd@jabc.org',	NULL,	'2022081915322220_Junior-Achievement-BC.jpg',	'2022-08-19 15:32:22',	'2022-08-19 15:32:22'),
(60,	39,	19009,	38.40,	'A',	'Cariboo Peer Program',	'Spinal Cord Injury BC’s Peer Support Program gives people in the region with a spinal cord injury, their family and friends the opportunity to connect with others in similar situations, try a',	NULL,	'Susie Jackson',	'sjackson@sci-bc.ca',	NULL,	'2022081915322220_PECSF_Icon.png',	'2022-08-19 15:32:22',	'2022-08-19 15:32:22'),
(61,	40,	131413,	75.00,	'I',	'Alberni Clayoquot Support Pool',	'Alberni Clayoquot Support Pool',	NULL,	'Mark James',	'mark@a',	NULL,	'20220819153424522025_pecsf-logo.png',	'2022-08-19 15:34:24',	'2022-08-19 15:36:18'),
(62,	41,	131413,	0.00,	'I',	'Alberni Clayoquot Support Pool',	'Alberni Clayoquot Support Pool',	NULL,	'Mark James',	'mark@a',	NULL,	'20220819154734522025_pecsf-logo.png',	'2022-08-19 15:47:34',	'2022-08-19 15:47:34'),
(63,	42,	131413,	0.00,	'I',	'Alberni Clayoquot Support Pool',	'Alberni Clayoquot Support Pool',	NULL,	'Mark James',	'mark@a',	NULL,	'2022081915475734522025_pecsf-logo.png',	'2022-08-19 15:47:57',	'2022-08-19 15:47:57'),
(64,	43,	7261,	11.60,	'A',	'Autism BC Programs',	'Autism BC seeks to empower, support and connect people on the autism spectrum and their families through education, training, resources and support groups towards promoting the health and inclusion of individuals with autism and related conditions in the region.',	NULL,	'Cathy Nidoski',	'cnidoski@autismbc.ca',	NULL,	'20220913112052_AutismBC.png',	'2022-09-13 11:20:52',	'2022-09-13 11:20:52'),
(65,	43,	55683,	50.00,	'A',	'Student Programs',	'Through partnerships with educators and volunteers from local businesses, JABC offers important interactive, hands-on learning experiences in financial literacy, entrepreneurship, and work readiness to students in Grades 4 to 12 in all communities across the Cariboo region.',	NULL,	'Susan Shepherd',	'susan.shepherd@jabc.org',	NULL,	'20220913112052_Junior-Achievement-BC.jpg',	'2022-09-13 11:20:52',	'2022-09-13 11:20:52'),
(66,	43,	19009,	38.40,	'A',	'Peer Support Program',	'Canadian Paraplegic Association/Spinal Cord Injury BC’s Peer Support Program gives people in the region with a spinal cord injury, their family and friends the opportunity to connect with others in similar situations, try activities they never imagined possible and continue learning about living well with an injury.',	NULL,	'Susie Jackson',	'sjackson@sci-bc.ca',	NULL,	'20220913112052_sci-bc-logo-colourlong-1.png',	'2022-09-13 11:20:52',	'2022-09-13 11:20:52'),
(67,	44,	7261,	4.40,	'A',	'Support Programs',	'Autism BC Programs seek to empower, support and connect people in the Greater Vancouver region on the autism spectrum and their families through education, training, resources and support groups towards promoting the health and inclusion of individuals with autism and related conditions.',	NULL,	'Cathy Nidoski',	'cnidoski@autismbc.ca',	NULL,	'20220929164454_AutismSocietyBC.png',	'2022-09-29 16:44:54',	'2022-09-29 16:44:54'),
(68,	44,	12302,	27.78,	'A',	'Service Dog Program',	'BC Guide Dogs endeavors to change the lives of individuals who are blind/visually impaired, children with profound autism, and/or Veterans, RCMP and First Responders living with an Operational Stress Injury/Post‐Traumatic Stress Disorder by providing professionally trained Guide Dogs, Autism Service Dogs and PTSD Service Dogs. Staff prepare the dogs through specialized training, they match and train the clients with their dogs, and provide follow‐up.',	NULL,	'William (Bill) Thornton',	'william.thornton@bcguidedog.com',	NULL,	'20220929164454_bcguidedog_logo.png',	'2022-09-29 16:44:54',	'2022-09-29 16:44:54'),
(69,	44,	10555,	20.37,	'A',	'Big Brothers Community Program',	'The Big Brothers Community Program has been proven to increase children’s happiness, connection to their community, and future success. The program matches “Littles” – children and youth who are in need of a positive adult role model – with volunteer “Bigs”. Each match spends two to four hours of quality time together each week, building their friendship through sports, shared hobbies, cultural activities, or just talking together.',	NULL,	'Mandy Wong',	'mwong@bbgvf.com',	NULL,	'20220929164454_BigBrothers2.png',	'2022-09-29 16:44:54',	'2022-09-29 16:44:54'),
(70,	44,	10639,	22.22,	'A',	'Big Sisters Mentoring Program',	'The Big Sisters Mentoring Program is a one‐to‐one mentorship for Little Sisters (ages 7 to 17) that enables life‐changing relationships to ignite the power and potential of young people. Once a week for a minimum of one year, the mentor and the Little Sister meet and develop a relationship built on trust and common interests. Both are supported by experienced caseworkers.',	NULL,	'Molly Loudon',	'mloudon@bigsisters.bc.ca',	NULL,	'20220929164454_BigBrothers.png',	'2022-09-29 16:44:54',	'2022-09-29 16:44:54'),
(71,	44,	130422,	13.89,	'A',	'Crabtree Corner Community Resource Centre',	'The YWCA Crabtree Corner is a place of warmth, support and refuge in the Downtown Eastside, where marginalized women and families can access holistic services critical to their health, healing and independence. Crabtree Corner is open year‐round, Monday to Friday, with programs and services delivered throughout the day. Services include food security programming, support for single mothers and family programming.',	NULL,	'Danielle Rana',	'drana@ywcavan.org',	NULL,	'20220929164454_YWCAMetroVan.png',	'2022-09-29 16:44:54',	'2022-09-29 16:44:54'),
(72,	44,	28772,	11.34,	'A',	'Youth Suicide Prevention Program',	'The Youth Suicide Prevention Program is evidence‐based and recognizes that suicide is a complicated, multi‐faceted issue that must be approached holistically. The Crisis Centre’s comprehensive approach begins at the grassroots level, working to reduce the stigma surrounding suicide in our communities, helping youth at their most vulnerable times of distress, and creating a strong network of ready, willing and able community members who can recognize suicide and work to build safety from suicide.',	NULL,	'Effie Pow',	'grants@crisiscentre.bc.ca',	NULL,	'20220929164454_crisisinterven.png',	'2022-09-29 16:44:54',	'2022-09-29 16:44:54'),
(73,	45,	112553,	6.44,	'A',	'Capacity Building for Supportive Housing Program',	'The Centre offers supportive housing through one‐year renewable leases (for up to 3 years) for 2 populations: 1) women (and their children) escaping domestic violence and 2) refugee and immigrant families. Services assist families in accessing community resources, working through challenges and personal issues, negotiating the legal system and other support to make healthy and productive choices around housing, employment, parenting, health, relationships etc.',	NULL,	'Joanne Linka',	'jlinka@cridge.org',	NULL,	'20220929171753_CridgeCentre.png',	'2022-09-29 17:17:53',	'2022-09-29 17:17:53'),
(74,	45,	22963,	6.44,	'A',	'Kids Hearts and Minds Matter Project',	'The Kids Hearts and Minds Matter Project seeks to expand free, trauma informed, counselling services to children who have experienced trauma, such as emotional or physical abuse, neglect, mistreatment or domestic violence. Services include tailored 1 on 1 or family counselling and support groups for parents/caregivers to give them tools and information to support their child.',	NULL,	'Sam Cameron',	'Sam.Cameron@vcapcc.com',	NULL,	'20220929171753_ChildAbusePrev.jpg',	'2022-09-29 17:17:53',	'2022-09-29 17:17:53'),
(75,	45,	47162,	6.44,	'A',	'SAFE Lifeline Program',	'Eldercare Foundation strives to support seniors aging with dignity. Its SAFE Lifeline Program raises funds to provide medical alarm systems to low‐income seniors who wish to remain in their own homes (or need to as a result of limited openings in long‐term care) but require support to do so safely.',	NULL,	'Tom Arnold',	'Tom.Arnold@viha.ca',	NULL,	'20220929171753_ECF_logo_stacked.jpeg',	'2022-09-29 17:17:53',	'2022-09-29 17:17:53'),
(76,	45,	124856,	6.44,	'A',	'Food Programs',	'Rainbow Kitchen seeks to address food security gaps, to reduce stigma and to be open to anyone. Its main program provides nutritious, tasty hot lunches each weekday ‐ no money charged, and no questions asked. Guests are invited to request a second portion of lunch to go, helping supplement their dinner or as a meal for a friend or family member. VRK has and is looking to expand their programs to meet other needs in the community.',	NULL,	'Patrick Johnstone',	'directorrainbowkitchen@gmail.com',	NULL,	'20220929171753_rainbowkitchen_logo_300x105.png',	'2022-09-29 17:17:53',	'2022-09-29 17:17:53'),
(77,	45,	125900,	6.44,	'A',	'Downtown Community Centre',	'The Downtown Community Centre hosts a wide variety of free and inclusive healthy recreation and life skill programs for thousands of people in Victoria and elsewhere in the CRD. Programs operate every day with equipment and travel costs included, thereby removing the financial barriers. The DCC also supports the work of other diverse organizations (e.g. community/support groups, arts/sports organizations, and independent childcare providers) with low cost or free use of gymnasium, courtyard, kitchen and lobby spaces.',	NULL,	'Lori Ferguson',	'society@CoolAid.org',	NULL,	'20220929171753_CoolAid_Logo_Horizontal-1_RGB.jpg',	'2022-09-29 17:17:53',	'2022-09-29 17:17:53'),
(78,	45,	28771,	6.44,	'A',	'Youth Suicide Prevention and Support Programs',	'The program works to educate, equip, and empower young people for better mental wellness, continued safety from suicide, and increased connectedness. It saves lives‐‐ getting youth timely help, engaging them in conversations about issues linked to shame and stigma, and making them aware that support is available through Youthspace.ca online counselling, Suicide Education and Awareness (SEA) workshops and Mindfulness for Middle Schools classroom sessions.',	NULL,	'Kelly Farish',	'need2board@youthspace.ca',	NULL,	'20220929171753_crisisinterven.png',	'2022-09-29 17:17:53',	'2022-09-29 17:17:53'),
(79,	45,	124849,	6.44,	'A',	'Literacy Programs',	'The Victoria Literacy Connection helps children, youth and adults improve their literacy skills, including reading, writing, and math, by providing tutoring and a variety of programs and workshops. Expanded future programming is anticipated to focus on media and financial literacy, as well as online service provision.',	NULL,	'Christine Bossi',	'ed@victorialiteracyconnection.ca',	NULL,	'20220929171753_vlc-ios-icon.png',	'2022-09-29 17:17:53',	'2022-09-29 17:17:53'),
(80,	45,	116308,	6.44,	'A',	'Neighbourhood Hamper Delivery Program (NHDP)',	'The Mustard Seed’s Neighbourhood Hamper Delivery Program exists to increase food security across the CRD by delivering food, in pre‐packed hampers, to 16 partner agencies (in multiple locations), serving 640 marginalized community members per month. Funds raised assist in program expansion to positively impact an additional 100 individuals each month.',	NULL,	'Duncan Chalmers',	'duncan@mustardseed.ca',	NULL,	'20220929171753_Mustardseed.png',	'2022-09-29 17:17:53',	'2022-09-29 17:17:53'),
(81,	45,	125942,	6.44,	'A',	'Community Support Centre Programs',	'Victoria Hospice offers bereavement services for caregivers, family members, and other members of the public who are experiencing grief and loss through their Community Support Centre. Funding will be used to increase counsellor hours, provide new programs such as support groups for those who have experienced a sudden traumatic loss or for those considering Medical Assistance in Death, and to increase in‐home support for patients and caregivers who are not able to reach services.',	NULL,	'Wendy Innes',	'donate@victoriahospice.org',	NULL,	'20220929171753_VicHospice.jpeg',	'2022-09-29 17:17:53',	'2022-09-29 17:17:53'),
(82,	45,	54249,	6.44,	'A',	'Sound of Change Initiative',	'The IDHHC is dedicated to supporting Deaf, Deaf‐Blind, oral deaf, late deafened and hard of hearing individuals, families and communities. The Sound of Change Initiative provides free refurbished hearing aids, free hearing assessments, and personalized communication and aural rehabilitation supports to vulnerable and at‐risk populations, especially low‐income seniors and adults.',	NULL,	'Denise Robertson',	'denise@idhhc.ca',	NULL,	'20220929171753_IDHH.png',	'2022-09-29 17:17:53',	'2022-09-29 17:17:53'),
(83,	45,	48470,	6.44,	'A',	'Radical Renovations Program',	'Each year, HeroWork transforms other charities through its Radical Renovations projects. Renewing and expanding non‐profit community infrastructure can help charities make bigger impact, become more sustainable, lift up, and have a ripple effect in neighbourhoods where their important services are provided.',	NULL,	'Paul Latour',	'paul@herowork.com',	NULL,	'20220929171753_herowork.png',	'2022-09-29 17:17:53',	'2022-09-29 17:17:53'),
(84,	45,	47175,	5.80,	'A',	'Youth Volunteer Programs',	'Volunteer Victoria’s programs help youth understand their rights and obligations, explore their volunteering needs, experiment safely with options, and build a strategic volunteering plan so they can build their pre‐employment and employment skills, learn life skills, and find places to belong, add value, and be involved in community.',	NULL,	'Lisa Mort-Putland',	'lisa@volunteervictoria.bc.ca',	NULL,	'20220929171753_VolunteerVictoria.jpg',	'2022-09-29 17:17:53',	'2022-09-29 17:17:53'),
(85,	45,	54269,	5.15,	'A',	'Breaking Down Barriers Program',	'Breaking Down Barriers aims to educate and empower vulnerable community members with limited access to services who may be less be educated about their health care needs. Free workshops cover a range of topics with an intersectional lens including safer sex practices, contraception, how to access clinical services, and specialized programs.',	NULL,	'Bobbi Turner',	'bturner@islandsexualhealth.org',	NULL,	'20220929171753_IslandSexHlth.png',	'2022-09-29 17:17:53',	'2022-09-29 17:17:53'),
(86,	45,	67286,	3.22,	'A',	'Online Peer Support and Personal Recovery Space',	'Looking Glass Foundation’s programs and services decrease isolation, instill hope, and sustain recovery for individuals across British Columbia who are impacted by eating disorders via free programs designed to meet individuals wherever they are in their recovery journey. Programs include a moderated online peer support group that meets 6 days a week and a moderated and confidential, digital forum that is accessible anytime.',	NULL,	'Sarah Clark',	'sarahclark@lookingglassbc.com',	NULL,	'20220929171753_LookingGlass.jpg',	'2022-09-29 17:17:53',	'2022-09-29 17:17:53'),
(87,	45,	106509,	3.22,	'A',	'Field to Plate Initiative',	'The society facilitates the preservation of Greater Victoria farmland and the enhancement of food security to benefit current and future generations. Through unique partnerships with other not‐for‐profits, the Field to Plate Program is expanding to support growing, maintaining and donating organic produce from Newman Farm to food banks and local drop‐in centers to better serve Greater Victoria\r\npersons in need – aiding in poverty relief and food insecurity.',	NULL,	'Natasha Caverley',	'farmlandstrust@gmail.com',	NULL,	'20220929171753_FLT+New+Logo_2013.png',	'2022-09-29 17:17:53',	'2022-09-29 17:17:53'),
(88,	45,	93957,	2.77,	'A',	'Stigma-Free Zone School Program',	'The Stigma‐Free Zone School Program uses school presenters to engage with students and encourage discussion about mental health and stigma as they share their personal story of living with, and managing mental illness. The program emphasizes that everyone has struggles but can lead extraordinary lives. It provides a takeaway Stigma‐Free Zone Rack Card that directs youth to resources and encourages them to continue the conversation with their parents and friends.',	NULL,	'Andrea Paquette',	'Andrea.Paquette@stigmafreesociety.com',	NULL,	'20220929171753_STIGMA-FREE-SOCIETY-2018-01-1030x973.png',	'2022-09-29 17:17:53',	'2022-09-29 17:17:53'),
(89,	45,	98898,	2.74,	'A',	'Pivot to Virtual Program',	'The Pivot to Virtual Program will offer online facilitator‐led support and counselling strategies for anxiety, depression, and loneliness, etc. to groups of 10‐12 children/youth. Facilitators will engage participants, grouped by age, in virtual activities, role plays, mindfulness practices, art, and music geared towards helping individuals express their emotions, feel connected and supported. Parents can also take part in the virtual Triple P Parenting Course to learn core parenting skills and simple strategies to encourage positive behaviour, and prevent or manage misbehaviour, in their children.',	NULL,	'Stacey Cronin',	'stacey@southislandcentre.ca',	NULL,	'20220929171753_SouthIslandCentreforTrain.jpg',	'2022-09-29 17:17:53',	'2022-09-29 17:17:53'),
(90,	45,	19009,	2.41,	'A',	'Victoria Peer Program',	'Spinal Cord Injury BC’s Peer Support Program gives people in Greater Victoria with a spinal cord injury, their family and friends the opportunity to connect with others in similar situations, try activities they never imagined possible and continue learning about living well with an injury.',	NULL,	'Susie Jackson',	'sjackson@sci-bc.ca',	NULL,	'20220929171753_sci-bc-logo-colourlong-1.png',	'2022-09-29 17:17:53',	'2022-09-29 17:17:53'),
(91,	45,	92354,	2.25,	'A',	'Garden Program',	'The Shelbourne Community Kitchen provides a dignified and inclusive approach to building skills around growing and sourcing food, increasing access to nutritious, local produce, and providing meaningful volunteer opportunities to contribute to the physical and social well‐being of individuals and families living on low incomes. The Garden Program provides produce for Food Skills sessions and the Pantry (food bank). PECSF funding will be used to implement and refine a container gardening system, which will result in higher yields, less weeding and will be portable if/when the society moves to a new site.',	NULL,	'Kim Cummins',	'info@shelbournecommunitykitchen.ca',	NULL,	'20220929171753_sck_logo_stacked_revised.png',	'2022-09-29 17:17:53',	'2022-09-29 17:17:53'),
(92,	45,	94298,	1.60,	'A',	'One-on-one direct volunteer services',	'SVSS volunteers help their neighbours in a myriad of ways, from supportive transportation to a variety of medical and non‐medical appointments, companion visits, friendly calls, help with gardening and yard work, minor home repairs, shopping assistance, delivering food hampers, completing income tax returns, and many other activities associated with living independently in your own home.',	NULL,	'Brenda Lynn',	'executivedirector@saanichvolunteers.org',	NULL,	'20220929171753_SaanichVolunteerServicesSoc.jpg',	'2022-09-29 17:17:53',	'2022-09-29 17:17:53'),
(93,	46,	112553,	6.44,	'A',	'Capacity Building for Supportive Housing Program',	'The Centre offers supportive housing through one‐year renewable leases (for up to 3 years) for 2 populations: 1) women (and their children) escaping domestic violence and 2) refugee and immigrant families. Services assist families in accessing community resources, working through challenges and personal issues, negotiating the legal system and other support to make healthy and productive choices around housing, employment, parenting, health, relationships etc.',	NULL,	'Joanne Linka',	'jlinka@cridge.org',	NULL,	'2022100309245753_CridgeCentre.png',	'2022-10-03 09:24:57',	'2022-10-03 09:24:57'),
(94,	46,	22963,	6.44,	'A',	'Kids Hearts and Minds Matter Project',	'The Kids Hearts and Minds Matter Project seeks to expand free, trauma informed, counselling services to children who have experienced trauma, such as emotional or physical abuse, neglect, mistreatment or domestic violence. Services include tailored 1 on 1 or family counselling and support groups for parents/caregivers to give them tools and information to support their child.',	NULL,	'Sam Cameron',	'Sam.Cameron@vcapcc.com',	NULL,	'2022100309245753_ChildAbusePrev.jpg',	'2022-10-03 09:24:57',	'2022-10-03 09:24:57'),
(95,	46,	47162,	6.44,	'A',	'SAFE Lifeline Program',	'Eldercare Foundation strives to support seniors aging with dignity. Its SAFE Lifeline Program raises funds to provide medical alarm systems to low‐income seniors who wish to remain in their own homes (or need to as a result of limited openings in long‐term care) but require support to do so safely.',	NULL,	'Tom Arnold',	'Tom.Arnold@viha.ca',	NULL,	'2022100309245753_ECF_logo_stacked.jpeg',	'2022-10-03 09:24:57',	'2022-10-03 09:24:57'),
(96,	46,	124856,	6.44,	'A',	'Food Programs',	'Rainbow Kitchen seeks to address food security gaps, to reduce stigma and to be open to anyone. Its main program provides nutritious, tasty hot lunches each weekday ‐ no money charged, and no questions asked. Guests are invited to request a second portion of lunch to go, helping supplement their dinner or as a meal for a friend or family member. VRK has and is looking to expand their programs to meet other needs in the community.',	NULL,	'Patrick Johnstone',	'directorrainbowkitchen@gmail.com',	NULL,	'2022100309245753_rainbowkitchen_logo_300x105.png',	'2022-10-03 09:24:57',	'2022-10-03 09:24:57'),
(97,	46,	125900,	6.44,	'A',	'Downtown Community Centre',	'The Downtown Community Centre hosts a wide variety of free and inclusive healthy recreation and life skill programs for thousands of people in Victoria and elsewhere in the CRD. Programs operate every day with equipment and travel costs included, thereby removing the financial barriers. The DCC also supports the work of other diverse organizations (e.g. community/support groups, arts/sports organizations, and independent childcare providers) with low cost or free use of gymnasium, courtyard, kitchen and lobby spaces.',	NULL,	'Lori Ferguson',	'society@CoolAid.org',	NULL,	'2022100309245753_CoolAid_Logo_Horizontal-1_RGB.jpg',	'2022-10-03 09:24:57',	'2022-10-03 09:24:57'),
(98,	46,	28771,	6.44,	'A',	'Youth Suicide Prevention and Support Programs',	'The program works to educate, equip, and empower young people for better mental wellness, continued safety from suicide, and increased connectedness. It saves lives‐‐ getting youth timely help, engaging them in conversations about issues linked to shame and stigma, and making them aware that support is available through Youthspace.ca online counselling, Suicide Education and Awareness (SEA) workshops and Mindfulness for Middle Schools classroom sessions.',	NULL,	'Kelly Farish',	'need2board@youthspace.ca',	NULL,	'2022100309245753_crisisinterven.png',	'2022-10-03 09:24:57',	'2022-10-03 09:24:57'),
(99,	46,	124849,	6.44,	'A',	'Literacy Programs',	'The Victoria Literacy Connection helps children, youth and adults improve their literacy skills, including reading, writing, and math, by providing tutoring and a variety of programs and workshops. Expanded future programming is anticipated to focus on media and financial literacy, as well as online service provision.',	NULL,	'Christine Bossi',	'ed@victorialiteracyconnection.ca',	NULL,	'2022100309245753_vlc-ios-icon.png',	'2022-10-03 09:24:57',	'2022-10-03 09:24:57'),
(100,	46,	116308,	6.44,	'A',	'Neighbourhood Hamper Delivery Program (NHDP)',	'The Mustard Seed’s Neighbourhood Hamper Delivery Program exists to increase food security across the CRD by delivering food, in pre‐packed hampers, to 16 partner agencies (in multiple locations), serving 640 marginalized community members per month. Funds raised assist in program expansion to positively impact an additional 100 individuals each month.',	NULL,	'Duncan Chalmers',	'duncan@mustardseed.ca',	NULL,	'2022100309245753_Mustardseed.png',	'2022-10-03 09:24:57',	'2022-10-03 09:24:57'),
(101,	46,	125942,	6.44,	'A',	'Community Support Centre Programs',	'Victoria Hospice offers bereavement services for caregivers, family members, and other members of the public who are experiencing grief and loss through their Community Support Centre. Funding will be used to increase counsellor hours, provide new programs such as support groups for those who have experienced a sudden traumatic loss or for those considering Medical Assistance in Death, and to increase in‐home support for patients and caregivers who are not able to reach services.',	NULL,	'Wendy Innes',	'donate@victoriahospice.org',	NULL,	'2022100309245753_VicHospice.jpeg',	'2022-10-03 09:24:57',	'2022-10-03 09:24:57'),
(102,	46,	54249,	6.44,	'A',	'Sound of Change Initiative',	'The IDHHC is dedicated to supporting Deaf, Deaf‐Blind, oral deaf, late deafened and hard of hearing individuals, families and communities. The Sound of Change Initiative provides free refurbished hearing aids, free hearing assessments, and personalized communication and aural rehabilitation supports to vulnerable and at‐risk populations, especially low‐income seniors and adults.',	NULL,	'Denise Robertson',	'denise@idhhc.ca',	NULL,	'2022100309245753_IDHH.png',	'2022-10-03 09:24:57',	'2022-10-03 09:24:57'),
(103,	46,	48470,	6.44,	'A',	'Radical Renovations Program',	'Each year, HeroWork transforms other charities through its Radical Renovations projects. Renewing and expanding non‐profit community infrastructure can help charities make bigger impact, become more sustainable, lift up, and have a ripple effect in neighbourhoods where their important services are provided.',	NULL,	'Paul Latour',	'paul@herowork.com',	NULL,	'2022100309245753_herowork.png',	'2022-10-03 09:24:57',	'2022-10-03 09:24:57'),
(104,	46,	47175,	5.80,	'A',	'Youth Volunteer Programs',	'Volunteer Victoria’s programs help youth understand their rights and obligations, explore their volunteering needs, experiment safely with options, and build a strategic volunteering plan so they can build their pre‐employment and employment skills, learn life skills, and find places to belong, add value, and be involved in community.',	NULL,	'Lisa Mort-Putland',	'lisa@volunteervictoria.bc.ca',	NULL,	'2022100309245753_VolunteerVictoria.jpg',	'2022-10-03 09:24:57',	'2022-10-03 09:24:57'),
(105,	46,	54269,	5.15,	'A',	'Breaking Down Barriers Program',	'Breaking Down Barriers aims to educate and empower vulnerable community members with limited access to services who may be less be educated about their health care needs. Free workshops cover a range of topics with an intersectional lens including safer sex practices, contraception, how to access clinical services, and specialized programs.',	NULL,	'Bobbi Turner',	'bturner@islandsexualhealth.org',	NULL,	'2022100309245753_IslandSexHlth.png',	'2022-10-03 09:24:57',	'2022-10-03 09:24:57'),
(106,	46,	67286,	3.22,	'A',	'Online Peer Support and Personal Recovery Space',	'Looking Glass Foundation’s programs and services decrease isolation, instill hope, and sustain recovery for individuals across British Columbia who are impacted by eating disorders via free programs designed to meet individuals wherever they are in their recovery journey. Programs include a moderated online peer support group that meets 6 days a week and a moderated and confidential, digital forum that is accessible anytime.',	NULL,	'Sarah Clark',	'sarahclark@lookingglassbc.com',	NULL,	'2022100309245753_LookingGlass.jpg',	'2022-10-03 09:24:57',	'2022-10-03 09:24:57'),
(107,	46,	106509,	3.22,	'A',	'Field to Plate Initiative',	'The society facilitates the preservation of Greater Victoria farmland and the enhancement of food security to benefit current and future generations. Through unique partnerships with other not‐for‐profits, the Field to Plate Program is expanding to support growing, maintaining and donating organic produce from Newman Farm to food banks and local drop‐in centers to better serve Greater Victoria\r\npersons in need – aiding in poverty relief and food insecurity.',	NULL,	'Natasha Caverley',	'farmlandstrust@gmail.com',	NULL,	'20221003161349_FLT_New_Logo_2013.png',	'2022-10-03 09:24:57',	'2022-10-03 16:13:49'),
(108,	46,	93957,	2.77,	'A',	'Stigma-Free Zone School Program',	'The Stigma‐Free Zone School Program uses school presenters to engage with students and encourage discussion about mental health and stigma as they share their personal story of living with, and managing mental illness. The program emphasizes that everyone has struggles but can lead extraordinary lives. It provides a takeaway Stigma‐Free Zone Rack Card that directs youth to resources and encourages them to continue the conversation with their parents and friends.',	NULL,	'Andrea Paquette',	'Andrea.Paquette@stigmafreesociety.com',	NULL,	'2022100309245753_STIGMA-FREE-SOCIETY-2018-01-1030x973.png',	'2022-10-03 09:24:57',	'2022-10-03 09:24:57'),
(109,	46,	98898,	2.74,	'A',	'Pivot to Virtual Program',	'The Pivot to Virtual Program will offer online facilitator‐led support and counselling strategies for anxiety, depression, and loneliness, etc. to groups of 10‐12 children/youth. Facilitators will engage participants, grouped by age, in virtual activities, role plays, mindfulness practices, art, and music geared towards helping individuals express their emotions, feel connected and supported. Parents can also take part in the virtual Triple P Parenting Course to learn core parenting skills and simple strategies to encourage positive behaviour, and prevent or manage misbehaviour, in their children.',	NULL,	'Stacey Cronin',	'stacey@southislandcentre.ca',	NULL,	'2022100309245753_SouthIslandCentreforTrain.jpg',	'2022-10-03 09:24:57',	'2022-10-03 09:24:57'),
(110,	46,	19009,	2.41,	'A',	'Victoria Peer Program',	'Spinal Cord Injury BC’s Peer Support Program gives people in Greater Victoria with a spinal cord injury, their family and friends the opportunity to connect with others in similar situations, try activities they never imagined possible and continue learning about living well with an injury.',	NULL,	'Susie Jackson',	'sjackson@sci-bc.ca',	NULL,	'2022100309245753_sci-bc-logo-colourlong-1.png',	'2022-10-03 09:24:57',	'2022-10-03 09:24:57'),
(111,	46,	92354,	2.25,	'A',	'Garden Program',	'The Shelbourne Community Kitchen provides a dignified and inclusive approach to building skills around growing and sourcing food, increasing access to nutritious, local produce, and providing meaningful volunteer opportunities to contribute to the physical and social well‐being of individuals and families living on low incomes. The Garden Program provides produce for Food Skills sessions and the Pantry (food bank). PECSF funding will be used to implement and refine a container gardening system, which will result in higher yields, less weeding and will be portable if/when the society moves to a new site.',	NULL,	'Kim Cummins',	'info@shelbournecommunitykitchen.ca',	NULL,	'2022100309245753_sck_logo_stacked_revised.png',	'2022-10-03 09:24:57',	'2022-10-03 09:24:57'),
(112,	46,	94298,	1.60,	'A',	'One-on-one direct volunteer services',	'SVSS volunteers help their neighbours in a myriad of ways, from supportive transportation to a variety of medical and non‐medical appointments, companion visits, friendly calls, help with gardening and yard work, minor home repairs, shopping assistance, delivering food hampers, completing income tax returns, and many other activities associated with living independently in your own home.',	NULL,	'Brenda Lynn',	'executivedirector@saanichvolunteers.org',	NULL,	'2022100309245753_SaanichVolunteerServicesSoc.jpg',	'2022-10-03 09:24:57',	'2022-10-03 09:24:57'),
(113,	47,	112553,	6.44,	'A',	'Capacity Building for Supportive Housing Program',	'The Centre offers supportive housing through one‐year renewable leases (for up to 3 years) for 2 populations: 1) women (and their children) escaping domestic violence and 2) refugee and immigrant families. Services assist families in accessing community resources, working through challenges and personal issues, negotiating the legal system and other support to make healthy and productive choices around housing, employment, parenting, health, relationships etc.',	NULL,	'Joanne Linka',	'jlinka@cridge.org',	NULL,	'2022100316145853_CridgeCentre.png',	'2022-10-03 16:14:58',	'2022-10-03 16:14:58'),
(114,	47,	22963,	6.44,	'A',	'Kids Hearts and Minds Matter Project',	'The Kids Hearts and Minds Matter Project seeks to expand free, trauma informed, counselling services to children who have experienced trauma, such as emotional or physical abuse, neglect, mistreatment or domestic violence. Services include tailored 1 on 1 or family counselling and support groups for parents/caregivers to give them tools and information to support their child.',	NULL,	'Sam Cameron',	'Sam.Cameron@vcapcc.com',	NULL,	'2022100316145853_ChildAbusePrev.jpg',	'2022-10-03 16:14:58',	'2022-10-03 16:14:58'),
(115,	47,	47162,	6.44,	'A',	'SAFE Lifeline Program',	'Eldercare Foundation strives to support seniors aging with dignity. Its SAFE Lifeline Program raises funds to provide medical alarm systems to low‐income seniors who wish to remain in their own homes (or need to as a result of limited openings in long‐term care) but require support to do so safely.',	NULL,	'Tom Arnold',	'Tom.Arnold@viha.ca',	NULL,	'2022100316145853_ECF_logo_stacked.jpeg',	'2022-10-03 16:14:58',	'2022-10-03 16:14:58'),
(116,	47,	124856,	6.44,	'A',	'Food Programs',	'Rainbow Kitchen seeks to address food security gaps, to reduce stigma and to be open to anyone. Its main program provides nutritious, tasty hot lunches each weekday ‐ no money charged, and no questions asked. Guests are invited to request a second portion of lunch to go, helping supplement their dinner or as a meal for a friend or family member. VRK has and is looking to expand their programs to meet other needs in the community.',	NULL,	'Patrick Johnstone',	'directorrainbowkitchen@gmail.com',	NULL,	'2022100316145853_rainbowkitchen_logo_300x105.png',	'2022-10-03 16:14:58',	'2022-10-03 16:14:58'),
(117,	47,	125900,	6.44,	'A',	'Downtown Community Centre',	'The Downtown Community Centre hosts a wide variety of free and inclusive healthy recreation and life skill programs for thousands of people in Victoria and elsewhere in the CRD. Programs operate every day with equipment and travel costs included, thereby removing the financial barriers. The DCC also supports the work of other diverse organizations (e.g. community/support groups, arts/sports organizations, and independent childcare providers) with low cost or free use of gymnasium, courtyard, kitchen and lobby spaces.',	NULL,	'Lori Ferguson',	'society@CoolAid.org',	NULL,	'2022100316145853_CoolAid_Logo_Horizontal-1_RGB.jpg',	'2022-10-03 16:14:58',	'2022-10-03 16:14:58'),
(118,	47,	28771,	6.44,	'A',	'Youth Suicide Prevention and Support Programs',	'The program works to educate, equip, and empower young people for better mental wellness, continued safety from suicide, and increased connectedness. It saves lives‐‐ getting youth timely help, engaging them in conversations about issues linked to shame and stigma, and making them aware that support is available through Youthspace.ca online counselling, Suicide Education and Awareness (SEA) workshops and Mindfulness for Middle Schools classroom sessions.',	NULL,	'Kelly Farish',	'need2board@youthspace.ca',	NULL,	'2022100316145853_crisisinterven.png',	'2022-10-03 16:14:58',	'2022-10-03 16:14:58'),
(119,	47,	124849,	6.44,	'A',	'Literacy Programs',	'The Victoria Literacy Connection helps children, youth and adults improve their literacy skills, including reading, writing, and math, by providing tutoring and a variety of programs and workshops. Expanded future programming is anticipated to focus on media and financial literacy, as well as online service provision.',	NULL,	'Christine Bossi',	'ed@victorialiteracyconnection.ca',	NULL,	'2022100316145853_vlc-ios-icon.png',	'2022-10-03 16:14:58',	'2022-10-03 16:14:58'),
(120,	47,	116308,	6.44,	'A',	'Neighbourhood Hamper Delivery Program (NHDP)',	'The Mustard Seed’s Neighbourhood Hamper Delivery Program exists to increase food security across the CRD by delivering food, in pre‐packed hampers, to 16 partner agencies (in multiple locations), serving 640 marginalized community members per month. Funds raised assist in program expansion to positively impact an additional 100 individuals each month.',	NULL,	'Duncan Chalmers',	'duncan@mustardseed.ca',	NULL,	'2022100316145853_Mustardseed.png',	'2022-10-03 16:14:58',	'2022-10-03 16:14:58'),
(121,	47,	125942,	6.44,	'A',	'Community Support Centre Programs',	'Victoria Hospice offers bereavement services for caregivers, family members, and other members of the public who are experiencing grief and loss through their Community Support Centre. Funding will be used to increase counsellor hours, provide new programs such as support groups for those who have experienced a sudden traumatic loss or for those considering Medical Assistance in Death, and to increase in‐home support for patients and caregivers who are not able to reach services.',	NULL,	'Wendy Innes',	'donate@victoriahospice.org',	NULL,	'2022100316145853_VicHospice.jpeg',	'2022-10-03 16:14:58',	'2022-10-03 16:14:58'),
(122,	47,	54249,	6.44,	'A',	'Sound of Change Initiative',	'The IDHHC is dedicated to supporting Deaf, Deaf‐Blind, oral deaf, late deafened and hard of hearing individuals, families and communities. The Sound of Change Initiative provides free refurbished hearing aids, free hearing assessments, and personalized communication and aural rehabilitation supports to vulnerable and at‐risk populations, especially low‐income seniors and adults.',	NULL,	'Denise Robertson',	'denise@idhhc.ca',	NULL,	'2022100316145853_IDHH.png',	'2022-10-03 16:14:58',	'2022-10-03 16:14:58'),
(123,	47,	48470,	6.44,	'A',	'Radical Renovations Program',	'Each year, HeroWork transforms other charities through its Radical Renovations projects. Renewing and expanding non‐profit community infrastructure can help charities make bigger impact, become more sustainable, lift up, and have a ripple effect in neighbourhoods where their important services are provided.',	NULL,	'Paul Latour',	'paul@herowork.com',	NULL,	'2022100316145853_herowork.png',	'2022-10-03 16:14:58',	'2022-10-03 16:14:58'),
(124,	47,	47175,	5.80,	'A',	'Youth Volunteer Programs',	'Volunteer Victoria’s programs help youth understand their rights and obligations, explore their volunteering needs, experiment safely with options, and build a strategic volunteering plan so they can build their pre‐employment and employment skills, learn life skills, and find places to belong, add value, and be involved in community.',	NULL,	'Lisa Mort-Putland',	'lisa@volunteervictoria.bc.ca',	NULL,	'2022100316145853_VolunteerVictoria.jpg',	'2022-10-03 16:14:58',	'2022-10-03 16:14:58'),
(125,	47,	54269,	5.15,	'A',	'Breaking Down Barriers Program',	'Breaking Down Barriers aims to educate and empower vulnerable community members with limited access to services who may be less be educated about their health care needs. Free workshops cover a range of topics with an intersectional lens including safer sex practices, contraception, how to access clinical services, and specialized programs.',	NULL,	'Bobbi Turner',	'bturner@islandsexualhealth.org',	NULL,	'2022100316145853_IslandSexHlth.png',	'2022-10-03 16:14:58',	'2022-10-03 16:14:58'),
(126,	47,	67286,	3.22,	'A',	'Online Peer Support and Personal Recovery Space',	'Looking Glass Foundation’s programs and services decrease isolation, instill hope, and sustain recovery for individuals across British Columbia who are impacted by eating disorders via free programs designed to meet individuals wherever they are in their recovery journey. Programs include a moderated online peer support group that meets 6 days a week and a moderated and confidential, digital forum that is accessible anytime.',	NULL,	'Sarah Clark',	'sarahclark@lookingglassbc.com',	NULL,	'2022100316145853_LookingGlass.jpg',	'2022-10-03 16:14:58',	'2022-10-03 16:14:58'),
(127,	47,	106509,	3.22,	'A',	'Field to Plate Initiative',	'The society facilitates the preservation of Greater Victoria farmland and the enhancement of food security to benefit current and future generations. Through unique partnerships with other not‐for‐profits, the Field to Plate Program is expanding to support growing, maintaining and donating organic produce from Newman Farm to food banks and local drop‐in centers to better serve Greater Victoria\r\npersons in need – aiding in poverty relief and food insecurity.',	NULL,	'Natasha Caverley',	'farmlandstrust@gmail.com',	NULL,	'20221003161524_FLT_New_Logo_2013.png',	'2022-10-03 16:14:58',	'2022-10-03 16:15:24'),
(128,	47,	93957,	2.77,	'A',	'Stigma-Free Zone School Program',	'The Stigma‐Free Zone School Program uses school presenters to engage with students and encourage discussion about mental health and stigma as they share their personal story of living with, and managing mental illness. The program emphasizes that everyone has struggles but can lead extraordinary lives. It provides a takeaway Stigma‐Free Zone Rack Card that directs youth to resources and encourages them to continue the conversation with their parents and friends.',	NULL,	'Andrea Paquette',	'Andrea.Paquette@stigmafreesociety.com',	NULL,	'2022100316145853_STIGMA-FREE-SOCIETY-2018-01-1030x973.png',	'2022-10-03 16:14:58',	'2022-10-03 16:14:58'),
(129,	47,	98898,	2.74,	'A',	'Pivot to Virtual Program',	'The Pivot to Virtual Program will offer online facilitator‐led support and counselling strategies for anxiety, depression, and loneliness, etc. to groups of 10‐12 children/youth. Facilitators will engage participants, grouped by age, in virtual activities, role plays, mindfulness practices, art, and music geared towards helping individuals express their emotions, feel connected and supported. Parents can also take part in the virtual Triple P Parenting Course to learn core parenting skills and simple strategies to encourage positive behaviour, and prevent or manage misbehaviour, in their children.',	NULL,	'Stacey Cronin',	'stacey@southislandcentre.ca',	NULL,	'2022100316145853_SouthIslandCentreforTrain.jpg',	'2022-10-03 16:14:58',	'2022-10-03 16:14:58'),
(130,	47,	19009,	2.41,	'A',	'Victoria Peer Program',	'Spinal Cord Injury BC’s Peer Support Program gives people in Greater Victoria with a spinal cord injury, their family and friends the opportunity to connect with others in similar situations, try activities they never imagined possible and continue learning about living well with an injury.',	NULL,	'Susie Jackson',	'sjackson@sci-bc.ca',	NULL,	'2022100316145853_sci-bc-logo-colourlong-1.png',	'2022-10-03 16:14:58',	'2022-10-03 16:14:58'),
(131,	47,	92354,	2.25,	'A',	'Garden Program',	'The Shelbourne Community Kitchen provides a dignified and inclusive approach to building skills around growing and sourcing food, increasing access to nutritious, local produce, and providing meaningful volunteer opportunities to contribute to the physical and social well‐being of individuals and families living on low incomes. The Garden Program provides produce for Food Skills sessions and the Pantry (food bank). PECSF funding will be used to implement and refine a container gardening system, which will result in higher yields, less weeding and will be portable if/when the society moves to a new site.',	NULL,	'Kim Cummins',	'info@shelbournecommunitykitchen.ca',	NULL,	'2022100316145853_sck_logo_stacked_revised.png',	'2022-10-03 16:14:58',	'2022-10-03 16:14:58'),
(132,	47,	94298,	1.60,	'A',	'One-on-one direct volunteer services',	'SVSS volunteers help their neighbours in a myriad of ways, from supportive transportation to a variety of medical and non‐medical appointments, companion visits, friendly calls, help with gardening and yard work, minor home repairs, shopping assistance, delivering food hampers, completing income tax returns, and many other activities associated with living independently in your own home.',	NULL,	'Brenda Lynn',	'executivedirector@saanichvolunteers.org',	NULL,	'2022100316145853_SaanichVolunteerServicesSoc.jpg',	'2022-10-03 16:14:58',	'2022-10-03 16:14:58'),
(133,	48,	1361,	50.00,	'A',	'x',	'x',	NULL,	'x',	'Leah.Verishine@gov.bc.ca',	NULL,	'20221101142711_Capture_Oct_24.PNG',	'2022-11-01 14:27:11',	'2022-11-01 14:27:11'),
(134,	48,	11971,	50.00,	'A',	'x',	'x',	NULL,	'x',	'Leah.Verishine@gov.bc.ca',	NULL,	'20221101142711_Capture_Oct_24.PNG',	'2022-11-01 14:27:11',	'2022-11-01 14:27:11'),
(135,	49,	12713,	50.00,	'A',	'x',	'x',	'x',	'x',	'Leah.Verishine@gov.bc.ca',	'x',	'20221101143406_Capture_Oct_24.PNG',	'2022-11-01 14:34:06',	'2022-11-01 14:34:06'),
(136,	49,	77488,	50.00,	'A',	'x',	'x',	NULL,	'x',	'Leah.Verishine@gov.bc.ca',	NULL,	'20221101143406_Capture_Oct_24.PNG',	'2022-11-01 14:34:06',	'2022-11-01 14:34:06'),
(137,	50,	7898,	50.00,	'A',	'x',	'x',	'x',	'x',	'Leah.Verishine@gov.bc.ca',	NULL,	'20221101144618_Capture_Oct_24.PNG',	'2022-11-01 14:46:18',	'2022-11-01 14:46:18'),
(138,	50,	50092,	50.00,	'A',	'x',	'x',	'x',	'x',	'Leah.Verishine@gov.bc.ca',	NULL,	'20221101144618_Capture_Oct_24.PNG',	'2022-11-01 14:46:18',	'2022-11-01 14:46:18'),
(139,	51,	7898,	50.00,	'A',	'x',	'x',	'x',	'x',	'Leah.Verishine@gov.bc.ca',	NULL,	'20221101145049_Capture_Oct_24.PNG',	'2022-11-01 14:50:49',	'2022-11-01 14:50:49'),
(140,	51,	50092,	50.00,	'A',	'x',	'x',	NULL,	'x',	'Leah.Verishine@gov.bc.ca',	NULL,	'20221101145049_Capture_Oct_24.PNG',	'2022-11-01 14:50:49',	'2022-11-01 14:50:49'),
(141,	52,	12374,	50.00,	'A',	'x',	'x',	NULL,	'x',	'Leah.Verishine@gov.bc.ca',	NULL,	'20221101145702_Capture_Oct_24.PNG',	'2022-11-01 14:57:02',	'2022-11-01 14:57:02'),
(142,	52,	12352,	50.00,	'A',	'x',	'x',	NULL,	'x',	'Leah.Verishine@gov.bc.ca',	NULL,	'20221101145702_Capture_Oct_24.PNG',	'2022-11-01 14:57:02',	'2022-11-01 14:57:02'),
(143,	53,	12374,	33.33,	'A',	'x',	'x',	NULL,	'x',	'Leah.Verishine@gov.bc.ca',	NULL,	'20221101150029_Capture_Oct_24.PNG',	'2022-11-01 15:00:29',	'2022-11-01 15:00:29'),
(144,	53,	12352,	33.33,	'A',	'x',	'x',	NULL,	'x',	'Leah.Verishine@gov.bc.ca',	NULL,	'20221101150029_Capture_Oct_24.PNG',	'2022-11-01 15:00:29',	'2022-11-01 15:00:29'),
(145,	53,	20674,	33.34,	'A',	'x',	'x',	NULL,	'x',	'Leah.Verishine@gov.bc.ca',	NULL,	'20221101150029_Capture_Oct_24.PNG',	'2022-11-01 15:00:29',	'2022-11-01 15:00:29'),
(146,	54,	97025,	50.00,	'A',	'x',	'x',	NULL,	'x',	'Leah.Verishine@gov.bc.ca',	NULL,	'20221101150815_Capture_Oct_24.PNG',	'2022-11-01 15:08:15',	'2022-11-01 15:08:15'),
(147,	54,	12352,	50.00,	'A',	'x',	'x',	NULL,	'x',	'Leah.Verishine@gov.bc.ca',	NULL,	'20221101150815_Capture_Oct_24.PNG',	'2022-11-01 15:08:15',	'2022-11-01 15:08:15'),
(148,	55,	17434,	50.00,	'A',	'x',	'x',	NULL,	'x',	'Leah.Verishine@gov.bc.ca',	NULL,	'20221101151031_Capture_Oct_24.PNG',	'2022-11-01 15:10:31',	'2022-11-01 15:10:31'),
(149,	55,	12374,	50.00,	'A',	'x',	'x',	NULL,	'x',	'Leah.Verishine@gov.bc.ca',	NULL,	'20221101151031_Capture_Oct_24.PNG',	'2022-11-01 15:10:31',	'2022-11-01 15:10:31'),
(150,	56,	12352,	50.00,	'A',	'x',	'x',	NULL,	'x',	'Leah.Verishine@gov.bc.ca',	NULL,	'20221101151924_Capture_Oct_24.PNG',	'2022-11-01 15:19:24',	'2022-11-01 15:19:24'),
(151,	56,	28562,	50.00,	'A',	'x',	'x',	NULL,	'x',	'Leah.Verishine@gov.bc.ca',	NULL,	'20221101151924_Capture_Oct_24.PNG',	'2022-11-01 15:19:24',	'2022-11-01 15:19:24'),
(152,	57,	42485,	50.00,	'A',	'x',	'x',	NULL,	'x',	'Leah.Verishine@gov.bc.ca',	NULL,	'20221101152503_Capture_Oct_24.PNG',	'2022-11-01 15:25:03',	'2022-11-01 15:25:03'),
(153,	57,	42484,	50.00,	'A',	'x',	'x',	NULL,	'x',	'Leah.Verishine@gov.bc.ca',	NULL,	'20221101152503_Capture_Oct_24.PNG',	'2022-11-01 15:25:03',	'2022-11-01 15:25:03'),
(154,	58,	119854,	50.00,	'A',	'x',	'x',	NULL,	'x',	'Leah.Verishine@gov.bc.ca',	NULL,	'20221101153353_Capture_Oct_24.PNG',	'2022-11-01 15:33:53',	'2022-11-01 15:33:53'),
(155,	58,	12374,	50.00,	'A',	'x',	'x',	NULL,	'x',	'Leah.Verishine@gov.bc.ca',	NULL,	'20221101153353_Capture_Oct_24.PNG',	'2022-11-01 15:33:53',	'2022-11-01 15:33:53'),
(156,	59,	12352,	50.00,	'A',	'x',	'x',	NULL,	'x',	'Leah.Verishine@gov.bc.ca',	NULL,	'20221102100007_Capture_Oct_24.PNG',	'2022-11-02 10:00:07',	'2022-11-02 10:00:07'),
(157,	59,	122146,	50.00,	'A',	'x',	'x',	NULL,	'x',	'Leah.Verishine@gov.bc.ca',	NULL,	'20221102100007_Capture_Oct_24.PNG',	'2022-11-02 10:00:07',	'2022-11-02 10:00:07'),
(158,	60,	77079,	50.00,	'A',	'x',	'x',	NULL,	'x',	'Leah.Verishine@gov.bc.ca',	NULL,	'20221102100637_Capture_Oct_24.PNG',	'2022-11-02 10:06:37',	'2022-11-02 10:06:37'),
(159,	60,	12374,	50.00,	'A',	'x',	'x',	NULL,	'x',	'Leah.Verishine@gov.bc.ca',	NULL,	'20221102100637_Capture_Oct_24.PNG',	'2022-11-02 10:06:37',	'2022-11-02 10:06:37'),
(160,	61,	67003,	33.33,	'A',	'x',	'x',	NULL,	'x',	'Leah.Verishine@gov.bc.ca',	NULL,	'20221102101058_Capture_Oct_24.PNG',	'2022-11-02 10:10:58',	'2022-11-02 10:10:58'),
(161,	61,	12352,	33.33,	'A',	'x',	'x',	NULL,	'x',	'Leah.Verishine@gov.bc.ca',	NULL,	'20221102101058_Capture_Oct_24.PNG',	'2022-11-02 10:10:58',	'2022-11-02 10:10:58'),
(162,	61,	5570,	33.34,	'A',	'x',	'x',	NULL,	'x',	'Leah.Verishine@gov.bc.ca',	NULL,	'20221102101058_Capture_Oct_24.PNG',	'2022-11-02 10:10:58',	'2022-11-02 10:10:58'),
(163,	62,	12352,	50.00,	'A',	'x',	'x',	NULL,	'x',	'Leah.Verishine@gov.bc.ca',	NULL,	'20221102113828_Capture_Oct_24.PNG',	'2022-11-02 11:38:28',	'2022-11-02 11:38:28'),
(164,	62,	57377,	50.00,	'A',	'x',	'x',	NULL,	'x',	'Leah.Verishine@gov.bc.ca',	NULL,	'20221102113828_Capture_Oct_24.PNG',	'2022-11-02 11:38:28',	'2022-11-02 11:38:28'),
(165,	63,	17938,	33.33,	'A',	'x',	'x',	NULL,	'x',	'Leah.Verishine@gov.bc.ca',	NULL,	'20221102114112_Capture_Oct_24.PNG',	'2022-11-02 11:41:12',	'2022-11-02 11:41:12'),
(166,	63,	50092,	33.33,	'A',	'x',	'x',	NULL,	'x',	'Leah.Verishine@gov.bc.ca',	NULL,	'20221102114112_Capture_Oct_24.PNG',	'2022-11-02 11:41:12',	'2022-11-02 11:41:12'),
(167,	63,	102058,	33.34,	'A',	'x',	'x',	NULL,	'x',	'Leah.Verishine@gov.bc.ca',	NULL,	'20221102114112_Capture_Oct_24.PNG',	'2022-11-02 11:41:12',	'2022-11-02 11:41:12'),
(168,	64,	12374,	50.00,	'A',	'x',	'x',	NULL,	'x',	'Leah.Verishine@gov.bc.ca',	NULL,	'20221102114240_Capture_Oct_24.PNG',	'2022-11-02 11:42:40',	'2022-11-02 11:42:40'),
(169,	64,	12352,	50.00,	'A',	'x',	'x',	NULL,	'x',	'Leah.Verishine@gov.bc.ca',	NULL,	'20221102114240_Capture_Oct_24.PNG',	'2022-11-02 11:42:40',	'2022-11-02 11:42:40'),
(170,	65,	85295,	50.00,	'A',	'x',	'x',	NULL,	'x',	'Leah.Verishine@gov.bc.ca',	NULL,	'20221102114529_Capture_Oct_24.PNG',	'2022-11-02 11:45:29',	'2022-11-02 11:45:29'),
(171,	65,	85296,	50.00,	'A',	'x',	'x',	NULL,	'x',	'Leah.Verishine@gov.bc.ca',	NULL,	'20221102114529_Capture_Oct_24.PNG',	'2022-11-02 11:45:29',	'2022-11-02 11:45:29'),
(172,	66,	12352,	50.00,	'A',	'x',	'x',	NULL,	'x',	'Leah.Verishine@gov.bc.ca',	NULL,	'20221102114815_Capture_Oct_24.PNG',	'2022-11-02 11:48:15',	'2022-11-02 11:48:15'),
(173,	66,	12352,	50.00,	'A',	'x',	'x',	NULL,	'x',	'Leah.Verishine@gov.bc.ca',	NULL,	'20221102114815_Capture_Oct_24.PNG',	'2022-11-02 11:48:15',	'2022-11-02 11:48:15'),
(174,	67,	17938,	25.00,	'A',	'x',	'x',	NULL,	'x',	'Leah.Verishine@gov.bc.ca',	NULL,	'20221102115221_Capture_Oct_24.PNG',	'2022-11-02 11:52:21',	'2022-11-02 11:52:21'),
(175,	67,	123376,	25.00,	'A',	'x',	'x',	NULL,	'x',	'Leah.Verishine@gov.bc.ca',	NULL,	'20221102115221_Capture_Oct_24.PNG',	'2022-11-02 11:52:21',	'2022-11-02 11:52:21'),
(176,	67,	12352,	25.00,	'A',	'x',	'x',	NULL,	'x',	'Leah.Verishine@gov.bc.ca',	NULL,	'20221102115221_Capture_Oct_24.PNG',	'2022-11-02 11:52:21',	'2022-11-02 11:52:21'),
(177,	67,	12352,	25.00,	'A',	'x',	'x',	NULL,	'x',	'Leah.Verishine@gov.bc.ca',	NULL,	'20221102115221_Capture_Oct_24.PNG',	'2022-11-02 11:52:21',	'2022-11-02 11:52:21'),
(178,	68,	128912,	50.00,	'A',	'x',	'x',	NULL,	'x',	'Leah.Verishine@gov.bc.ca',	NULL,	'20221102115513_Capture_Oct_24.PNG',	'2022-11-02 11:55:13',	'2022-11-02 11:55:13'),
(179,	68,	12374,	50.00,	'A',	'x',	'x',	NULL,	'x',	'Leah.Verishine@gov.bc.ca',	NULL,	'20221102115513_Capture_Oct_24.PNG',	'2022-11-02 11:55:13',	'2022-11-02 11:55:13'),
(180,	69,	29349,	50.00,	'A',	'x',	'x',	NULL,	'x',	'Leah.Verishine@gov.bc.ca',	NULL,	'20221102115649_Capture_Oct_24.PNG',	'2022-11-02 11:56:49',	'2022-11-02 11:56:49'),
(181,	69,	30215,	50.00,	'A',	'x',	'x',	NULL,	'x',	'Leah.Verishine@gov.bc.ca',	NULL,	'20221102115649_Capture_Oct_24.PNG',	'2022-11-02 11:56:49',	'2022-11-02 11:56:49'),
(182,	70,	12374,	50.00,	'A',	'x',	'x',	NULL,	'x',	'Leah.Verishine@gov.bc.ca',	NULL,	'20221102115823_Capture_Oct_24.PNG',	'2022-11-02 11:58:23',	'2022-11-02 11:58:23'),
(183,	70,	12352,	50.00,	'A',	'x',	'x',	NULL,	'x',	'Leah.Verishine@gov.bc.ca',	NULL,	'20221102115823_Capture_Oct_24.PNG',	'2022-11-02 11:58:23',	'2022-11-02 11:58:23'),
(184,	71,	104767,	33.33,	'A',	'x',	'x',	NULL,	'x',	'Leah.Verishine@gov.bc.ca',	NULL,	'20221102120202_Capture_Oct_24.PNG',	'2022-11-02 12:02:02',	'2022-11-02 12:02:02'),
(185,	71,	56433,	33.33,	'A',	'x',	'x',	NULL,	'x',	'Leah.Verishine@gov.bc.ca',	NULL,	'20221102120202_Capture_Oct_24.PNG',	'2022-11-02 12:02:02',	'2022-11-02 12:02:02'),
(186,	71,	12352,	33.34,	'A',	'x',	'x',	NULL,	'x',	'Leah.Verishine@gov.bc.ca',	NULL,	'20221102120202_Capture_Oct_24.PNG',	'2022-11-02 12:02:02',	'2022-11-02 12:02:02'),
(187,	72,	17434,	50.00,	'A',	'x',	'x',	NULL,	'x',	'Leah.Verishine@gov.bc.ca',	NULL,	'20221102120347_Capture_Oct_24.PNG',	'2022-11-02 12:03:47',	'2022-11-02 12:03:47'),
(188,	72,	12374,	50.00,	'A',	'x',	'x',	NULL,	'x',	'Leah.Verishine@gov.bc.ca',	NULL,	'20221102120347_Capture_Oct_24.PNG',	'2022-11-02 12:03:47',	'2022-11-02 12:03:47');

TRUNCATE `regions`;
INSERT INTO `regions` (`id`, `code`, `effdt`, `name`, `status`, `notes`, `created_by_id`, `updated_by_id`, `created_at`, `updated_at`) VALUES
(1,	'001',	'1940-01-01',	'Alberni-Clayoquot',	'A',	NULL,	1,	1,	'2022-05-04 11:18:21',	'2022-05-04 11:18:21'),
(2,	'002',	'1940-01-01',	'Bulkley-Nechako',	'A',	NULL,	1,	1,	'2022-05-04 11:18:21',	'2022-05-04 11:18:21'),
(3,	'003',	'1940-01-01',	'Cariboo',	'A',	NULL,	1,	1,	'2022-05-04 11:18:21',	'2022-05-04 11:18:21'),
(4,	'004',	'1940-01-01',	'Central Coast',	'A',	NULL,	1,	1,	'2022-05-04 11:18:21',	'2022-05-04 11:18:21'),
(5,	'005',	'1940-01-01',	'Fraser Valley',	'A',	NULL,	1,	1,	'2022-05-04 11:18:21',	'2022-05-04 11:18:21'),
(6,	'006',	'1940-01-01',	'Central Kootenay',	'A',	NULL,	1,	1,	'2022-05-04 11:18:21',	'2022-05-04 11:18:21'),
(7,	'007',	'1940-01-01',	'Central Okanagan',	'A',	NULL,	1,	1,	'2022-05-04 11:18:21',	'2022-05-04 11:18:21'),
(8,	'008',	'1940-01-01',	'Columbia-Shuswap',	'A',	NULL,	1,	1,	'2022-05-04 11:18:21',	'2022-05-04 11:18:21'),
(9,	'009',	'2021-10-19',	'Comox Valley',	'A',	'NV - 19OCT2021 - Region 009 Comox-Strathcona split into Region 009 Comox Valley and Region 030 Strathcona.',	1,	1,	'2022-05-04 11:18:21',	'2022-09-06 15:46:02'),
(10,	'010',	'1940-01-01',	'Cowichan Valley',	'A',	NULL,	1,	1,	'2022-05-04 11:18:21',	'2022-05-04 11:18:21'),
(11,	'011',	'1940-01-01',	'East Kootenay',	'A',	NULL,	1,	1,	'2022-05-04 11:18:21',	'2022-05-04 11:18:21'),
(12,	'012',	'1940-01-01',	'Northern Rockies',	'A',	NULL,	1,	1,	'2022-05-04 11:18:21',	'2022-05-04 11:18:21'),
(13,	'013',	'1940-01-01',	'Fraser-Fort George',	'A',	NULL,	1,	1,	'2022-05-04 11:18:21',	'2022-05-04 11:18:21'),
(14,	'014',	'1940-01-01',	'Kitimat-Stikine',	'A',	NULL,	1,	1,	'2022-05-04 11:18:21',	'2022-05-04 11:18:21'),
(15,	'015',	'1940-01-01',	'Kootenay Boundary',	'A',	NULL,	1,	1,	'2022-05-04 11:18:21',	'2022-05-04 11:18:21'),
(16,	'016',	'1940-01-01',	'Mount Waddington',	'A',	NULL,	1,	1,	'2022-05-04 11:18:21',	'2022-05-04 11:18:21'),
(17,	'017',	'1940-01-01',	'Nanaimo',	'A',	NULL,	1,	1,	'2022-05-04 11:18:21',	'2022-05-04 11:18:21'),
(18,	'018',	'1940-01-01',	'North Okanagan',	'A',	NULL,	1,	1,	'2022-05-04 11:18:21',	'2022-05-04 11:18:21'),
(19,	'019',	'1940-01-01',	'Okanagan-Similkameen',	'A',	NULL,	1,	1,	'2022-05-04 11:18:21',	'2022-05-04 11:18:21'),
(20,	'020',	'1940-01-01',	'Peace River',	'A',	NULL,	1,	1,	'2022-05-04 11:18:21',	'2022-05-04 11:18:21'),
(21,	'021',	'2021-10-19',	'qathet',	'A',	'NV - 19OCT2021 - Region 021 name change from Powell  River to qathet.',	1,	1,	'2022-05-04 11:18:21',	'2022-09-06 15:46:59'),
(22,	'022',	'2021-10-19',	'North Coast',	'A',	'NV - 19OCT2021 - Region 022 name change from Haida Gwaii to North Coast.',	1,	1,	'2022-05-04 11:18:21',	'2022-09-06 15:47:50'),
(23,	'023',	'1940-01-01',	'Squamish-Lillooet',	'A',	NULL,	1,	1,	'2022-05-04 11:18:21',	'2022-05-04 11:18:21'),
(24,	'024',	'1940-01-01',	'Stikine',	'A',	NULL,	1,	1,	'2022-05-04 11:18:21',	'2022-05-04 11:18:21'),
(25,	'025',	'1940-01-01',	'Sunshine Coast',	'A',	NULL,	1,	1,	'2022-05-04 11:18:21',	'2022-05-04 11:18:21'),
(26,	'026',	'1940-01-01',	'Thompson-Nicola',	'A',	NULL,	1,	1,	'2022-05-04 11:18:21',	'2022-05-04 11:18:21'),
(27,	'027',	'1940-01-01',	'Metro Vancouver',	'A',	'NV - 19OCT2021 - Region 027 name change from Greater Vancouver to Metro Vancouver.',	1,	1,	'2022-05-04 11:18:21',	'2022-09-06 15:48:27'),
(28,	'028',	'2021-10-19',	'Capital',	'A',	'NV - 19OCT2021 - Region 028 name change from Greater Victoria to Capital.',	1,	1,	'2022-05-04 11:18:21',	'2022-09-06 15:45:20'),
(29,	'029',	'1940-01-01',	'Ontario',	'I',	NULL,	1,	1,	'2022-05-04 11:18:21',	'2022-05-04 11:18:21'),
(30,	'030',	'2021-10-19',	'Strathcona',	'A',	'NV - 19OCT2021 - Region 009 Comox-Strathcona split into Region 009 Comox Valley and Region 030 Strathcona.',	1001,	1001,	'2022-06-20 11:40:54',	'2022-09-06 15:45:34');

-- 2022-11-03 15:38:57
